key_ID,key_type,ekey,nonce
1,Puce,kC3@*{>C(+AL~1_,sV0\lp=t/P
2,Teal,dJ3?K~gZJRldVz_M,tH8!iRM$
3,Teal,"rW6""?kk5#B./8{O",yQ8|WOU)zqIC4&
4,Pink,wM5&<YH~wp,fU6=_$Tq5s+A
5,Blue,jW1@=Dv_a'31O,vG7>YncU/!5
6,Purple,xQ3%(t80f_,cA6<QtcEbP
7,Turquoise,kC3@}4=zq@(Ul},qZ7}P+@J}bem
8,Crimson,oG4<wtH8w'sm,wC1<*k8s
9,Yellow,lB1(0&~L@mdNx,aC3}E\u=7&0vvYh
10,Green,wY9&b!?u82%Q~?=,vS8$oLq%o
11,Purple,qN8.rs~U@,qR5\Q8@=
12,Khaki,wL9#MHkS_e2M'jGk,eL1\5CmOL&Ym<9x
13,Pink,eK0@u$r20#b}{KY,xW0_q2(w6#2K<7=
14,Orange,"oB8(JIn))G,<h7",wK5&wXz$M.%
15,Orange,dM6/+Gj&3O,dA2)Lm4)%
16,Puce,cT7'YQ)zJQN,dG0)SEUemo?o
17,Pink,uZ7(n_%+q,iI0|K@w$f4/s6
18,Mauv,"fX4&ac0Lq\""cY`",oY4$BBwOLk
19,Crimson,fU2$%wtk@d7,sM2#k{O~c1gR=
20,Yellow,aG5>.m4~8,"jU5\G,+|)u"
21,Fuscia,wV4%Pvxd'u~cclT,mP8}xBA<n
22,Yellow,vH0!5m*6=xj7s!E,tF4<8Vkx'0!F0
23,Crimson,pD1%G!@Tm6,"zC4`@/bs2""ykey"
24,Orange,yP7|9BpW\CY,hS4)m|U95
25,Puce,rJ7/t6p4+\J,aN4#9<eYmx
26,Mauv,dG7/M~3'$py,iF3!<Dg1t@u
27,Violet,vY9+OWiMlU,dE7%TD7S(2Uj!
28,Green,lH4\ujj`A)!Wh2,uF0@bxu*GEo
29,Indigo,iW6.KY(aDlgB,vQ6!k6p=NI8c\
30,Green,sV3@$y*iHj@o!,qO7.'l/lAkD_&$c$
31,Indigo,"jV4,$'5Gu3RM|k",qP9(Bs&X'H`
32,Turquoise,lW1$Nnua%zUQzr,wB9}~85V1
33,Khaki,fX3/>F.1U5}vwPi,cR7@#kAa`V
34,Pink,qD6`0S>{,uO1~\3V!3}=T
35,Indigo,kL5}0b`LtT,nX5)5z>CU|\E\Xzc
36,Goldenrod,"wB2.m$>""d+Qx+k`n",kB3#jZt!}9GBCuG$
37,Crimson,jG8&s.`W,gX1}f?pU.\L`W
38,Khaki,bW9}KK0L*,dM4_r%&.W
39,Purple,fW4~K6SL,nU2_cnbIurmte
40,Mauv,oK2_G$y$8)dJ,gJ4{2G9dG
41,Mauv,yC3?yvQ{,zK6?$$n0I|A'
42,Aquamarine,"aC1~,7Gs",xT5<tR%oy1oDIx
43,Yellow,jH3`LKSgW<*37J,"sY7?8DSap#EGi>""s"
44,Maroon,qK8'K)DJ,eC2\w>.5m
45,Puce,zT1.m9oN,xT2'@P3hwGOP
46,Puce,eN5}yi~Oh'>azS3,tM8!mG_Nvv
47,Aquamarine,bK2+43YY,mS0.?<Dp=1c
48,Maroon,rI6}9en*!xK?)i,nV5!~9hrgws
49,Yellow,zF3#<CQ&\42KKzR,zG2}}LeXaoaLz%$
50,Pink,sK0_qIzR!mky?x,rP7=qLbf4JBe1G.1
51,Yellow,nY8'}=.pwmx/.tvi,nX1+4)dYugvn%U/>
52,Violet,pB2==T?3q,mH3_u_J_)D
53,Mauv,"tF7%l,/r$",cU8#tn=&%d!TH
54,Blue,yI1{LpPWj=AsKN,kX5*'?GOff//a16e
55,Khaki,"vP4,=B`)mdZD<EJ",qA9'\BehRGsw%0`
56,Purple,"cK5$ZK{d"")D=",eW5$(%HwkkL$YZ
57,Purple,mA7@5oc>#p#,"mK7#""olj,@x*<cj7"
58,Mauv,kR1*3LF6Z\~R|}8P,vC2>IKdRv&X=H
59,Pink,sT9}xg%44,wI9@pwvIBP
60,Puce,bS6`1G6deF?T2|,vQ9$`Wp%_/$
61,Violet,cY7~<TFoJN&,xI6|p)|<
62,Pink,fF4`D8%wU#2A,"eV3}70B#$X$,b"
63,Red,"vD1\UV#*""",iS7_w*O17aB
64,Khaki,iC6_T$SJgI,sO8}i_*+
65,Puce,hB6.!mcaK/q`,pU6_r5{'=s<QBf7q
66,Crimson,iW7}|N}Th7b,xQ3~u4#5<
67,Aquamarine,fJ0/A}hO,"eX8.""&T<J>06n"
68,Goldenrod,hI6&Uj4t1,bC1_>aeW=CGV~!u
69,Crimson,iO2('ZY@Ds0R,pB1)!afq&tD
70,Blue,gY2#itt\a,"yA1>Mu%F3_,"
71,Teal,pR7$mWt5=,"oU6""F$B!V|vpoL"
72,Green,"kC3.}&zbfcK""",uY1)M4(sM
73,Violet,"nA8.BD4,yt!|","yS4""'Jt6E"
74,Khaki,"kE2""JahFz",dF8$oIw#P!sFr
75,Turquoise,"wO9,,@6HmNX$W",aZ8~Dnbw
76,Orange,aE3%xG\l,wL1=?yFUR`RO
77,Blue,"jM7,5M&.#7IPQi*","pW5\""2%q"
78,Turquoise,"mH4&$hv>""&v9+(oL",kP1}~#p1Nj7k)_
79,Yellow,jV4$<~`C=<`4v1+,zP0~kCd)b<9
80,Red,wC7\Ntcsq>ugc,"jU4,.>P3`""pK<wK,"
81,Violet,"oG6&""Q6@3wN6}F(t",rS6/a4ooTsw9SJ
82,Goldenrod,"uK0=/}!""",qO4|>F!q
83,Khaki,cD0~G/.a4H'/dF,"tH3>W9D,D%tU1?"
84,Aquamarine,xH9_Gy0HJx6(,"cV3""?=YEwD"
85,Puce,zW5$lwSeZk,mK9!\~!Y_(>t8tJ?
86,Crimson,rM2~&y0$y(,bY9!yk+_*+
87,Purple,yQ6`ehODcC4MH\Z),aL4=FD4Gy`{i2N/Y
88,Aquamarine,uP4|42Mz,bF7~Cf|/
89,Yellow,lY8$Cj5L1_9,uS3_Iq<fC%==o<
90,Green,mI7(~9~T,"qF5""DwHV1h5<'NR7"
91,Pink,iS5*rMqt,"iP5#9xqPV,"
92,Mauv,sU4)i=jCR+(a,dX6~4SDv`$Y
93,Goldenrod,"sK6{c""|W",aE6|s.`Ba3C
94,Orange,rT2_aE1L}jiu,qY1+Y3d9)8T
95,Mauv,xW8>+zc#3?J7,oW2)o/lAZKp2+
96,Yellow,"cP9/qkZQFjnU,",fM2#/u/Gp3ReU%8
97,Teal,fO9&A27{Q<Y,iN6}1Hl6MBpxpe3
98,Khaki,kH7)8TTedIFWh\'y,uJ4~?3xcQ0@>)
99,Indigo,bK0|X@<#{/,eU9$+BpidX
100,Purple,zV2#/opmi'z,"tH4""7pPVy"
101,Yellow,qL7'VBCW8a1Mi,dM7<PuVn_Yg
102,Maroon,dO7!Q}FB##g,bN3+U>HgPDm/J&$9
103,Fuscia,rH7\OAhv3gmnPAUM,"bB7,,GPX7Ma'4MD"
104,Red,"jW6{8Rm,X4i7&",rX7//@gJm\Z.OcY@
105,Mauv,mQ1#?ss=jEJM{?%,wI3&`/C)Q
106,Khaki,vS8!p0}eYpYtSK06,fV2(PX)h
107,Yellow,wO9`3DhB=~tN`SH.,fI8}?&Ru
108,Purple,eX3<eK`xdPjR>,fM8`PS#\|wef
109,Pink,"bI6)9{\vZ0i""",iF1`V4M0A\
110,Teal,"yV5{PW!X,on!",mN1_EgjvL5
111,Mauv,qN7*J=gnxYB5I,tW5.r.qh
112,Crimson,jI0{/zxujz?,zR2+p1QjPw9X0oZ6
113,Indigo,qK2}2QWkB4%/Yp,jM9+ie56Zwi`='b
114,Green,uH3*u}U#`,jI2'D{c{IMOH
115,Red,sT3)/cdN!`r,"zB8`H%Hw,`.tL2R"
116,Red,eD2?Rfv6\l#,sF0*3I*gd
117,Crimson,pD9}2gc@1$Wv,xR0`cEI#Pegqf4
118,Green,jT8%NF0GVS5/UK<u,hT3!X6IgH@Fx>&
119,Indigo,cY3>2B{s|0wSm|HT,iZ6$s)}}
120,Crimson,bR4?w$ji|(|{,kJ7(7yN3Ve7//=J
121,Crimson,wW1_WcgB,"dI1_hj,Vn~Y,jX$"
122,Mauv,mK4?{obtxP?,bJ7|o&4t~>E
123,Puce,qX3>Hgz.KE*%H_,rF2(T}&=j\
124,Turquoise,bK8`#iy*B\7pfM>k,"tO5)&""9~|"
125,Mauv,bN8\u7q$FOr.H',hJ8'+z#*!rvvr
126,Goldenrod,wS5#DG@gPqA_*h,rE6+t5dU
127,Turquoise,mF7=0KKI,dV1!f?v#Ce.
128,Violet,mC8*u<8{HV8~,"eG0""`3|?Vg$"
129,Turquoise,yE3#*{LwrS5dvX,rD7+L6ni8K/A
130,Puce,mR3?yXul,pM1%V90Py8Mmm
131,Indigo,bD2&S'4Ja)n}sS$L,nZ3<LDkGl=PVsq/E
132,Indigo,kS6{bCtFGjV,cS3>1|TE&{1
133,Pink,iW9#TdEO,eC6/)gli'
134,Yellow,iB5?FY)S/)LX}.a,lR3{QTq`O\R/}tiS
135,Blue,xG6?2H`7,tX5!'7E(
136,Mauv,yG8>@Oxk4`5>5+,rE7+Gj%&e
137,Orange,"uS7{""p8MaaVW","pW6`""$Wc{4,*PAA"
138,Teal,"dT3{bm8j,0V","bD1~`4Ka4+gcX""=Z"
139,Turquoise,"xJ9""\`)?}_{R","qS9,\AWV"
140,Turquoise,"zO6$Tznr""(`$%&",lS4#8.%C_|
141,Purple,yN4'z/gxH)G,gB4%m#zgws4+(
142,Pink,jR0&n5Out\{rd'H,fN8?~4B{6kD
143,Violet,mI3/2@q&%SW,kU9$bkEhi#?
144,Red,rX5<SZdYx,jD2?O\i\`xfl
145,Puce,gW3&2@Ak{=b0,lH6`?)w7@t
146,Turquoise,eI3`.3FA7$\,mG7>B@2R'bK&L
147,Goldenrod,cW7?0yS6,wZ4'zChgPB@Z
148,Turquoise,oI0\f(zz+qm,uD2#jPH?{P/B
149,Green,nG4<&ms?2p,kC5)+0=PD?#3
150,Yellow,fI6'#dg@ojJ?,wK8|\)eBC*(PO
151,Green,qG9\5A7X.CkcjgF,yG5%y$iJen@C.)jk
152,Violet,qZ2?gEMpxCN@3TDG,tH3<yN4PAdS@~
153,Goldenrod,rL4*ZVb>jC0,wP1'Z2#IsbTtA
154,Indigo,yQ6|o+9Fshly$,"zJ0*Tv&/5,BZDE"
155,Indigo,hX1>QHc&Yl{}g/v,bF8+5o3l
156,Orange,"nS6~PO+YvC""4|&d",tY1)5!PTH
157,Goldenrod,pG5_5Pnb3tm}Dt,"uR6?,_`#qvVO%"
158,Crimson,oX1`rsU@|aKRr,iH0%n%.&TSY
159,Pink,dK4<L.RnlWWBm,fP5{Z+8aGrbFtN#
160,Turquoise,oY2&0=OP|~,nZ2*RdNA/hmB
161,Aquamarine,"wI9%S5!""Y3Jn(",eB7)FuwBub
162,Mauv,nV2<ZII~tJ,"qW1(k,`UUKQ"
163,Mauv,mL1\Vj{#w%_}|{,"sI8{""33s{8l"
164,Violet,gZ3<0mfG)gY&\1Eq,qV8.G%Li
165,Pink,uV8?+T.WGL6<.o,"eE0""kbQ.<zRGwOPP"
166,Violet,yR5=2\}ac2,"qF5_+RInXR,Yly6"
167,Goldenrod,bW2$qXil2ebT,jX2@M/C2y\vQ(
168,Crimson,pK3{HjLnh)K,hW8>0VL%)Up2dsg
169,Turquoise,wH8_oYdYQj0NH,bW1)RB?ylx.CBwD
170,Maroon,gU5.!qmLMO,iD8`@Sqp
171,Orange,aJ5!TMN\x<%b)0,bE9.3IG4.H
172,Violet,bX1?JrFknex,kG5|T0z\
173,Blue,hB5_dHr_,kX2%.>j14i6
174,Mauv,"nJ5+eDM,}B",hL5?IjNI\iv
175,Red,bU5&@.ME2$&3o,"nK6}3a""5GQ#B"
176,Teal,wR5/9LMT,lT6)lZ8$fd`H0
177,Green,oU7!V`zUYkFi!diN,"sN0""f}MU2"
178,Teal,"hU4""87sHZ&SC",oO0!Xsc$Vn<b`
179,Red,pE5(mg%X,jJ7=.{/_
180,Maroon,gK9}*1ZVz??,bM6$poP7p
181,Crimson,iG8>aMi'E\kPu5,oS1>!=|`5
182,Red,"yZ9#gs""F",qS9/p2JGn
183,Crimson,sW1+5QtOkq,aI7&&D'O+y
184,Red,uA5~W0Ww!,gK9=AU_.
185,Turquoise,mX3=DnHxMFc#,pD1/KcGu>2*b7U0h
186,Orange,eV6'hHNO&v3T2M,"aZ2~DFw%x'6"""
187,Turquoise,oU5_{h/#r\2HR@w,fL2*o5NXgr=_61
188,Aquamarine,aH9+e8g>`UUJ,tE0+#OdV/XQ
189,Goldenrod,gE6<gb`73o,bU7_6wnKi4%!{n
190,Turquoise,wH6}fj!!>(VHo,"lZ8/G6$@f""h\N2"
191,Red,uJ6'l#8Ux%#,"fY9<Qv""L6"
192,Aquamarine,nC3'xb@fK~,wG7+bVBjzv{t#a
193,Teal,mO4_)IaErbn|z,iC0?LZIr>bDZ
194,Orange,"tE2+2'3y""$GR9",hV0@Qam5&m#/
195,Blue,uU6|fEz/,bV4@*Uz@
196,Indigo,qN3<v(IJ8%p,mG0?VU1x6o
197,Mauv,mW6#|(g@n3eZVjJ,pT4$KUaGX
198,Turquoise,zY8%IzAAGCjwGk,bY4'lQ%z\
199,Goldenrod,xR0{Y#7<ar`HG,"eU4\|Wyxe\\L"""
200,Goldenrod,oX7&<h6@n+<\8!jf,iX2|{<{(w|_j_(*=
201,Violet,mS6{ezRK$R&,"dO3|$E9d6H,"
202,Maroon,gU4/E`9WV}8.,yR8+p~iylfW*5
203,Turquoise,jD8{r!HR0gN<D,dS5>C<'~7xR
204,Turquoise,uF8/C27R>!sSS8,zL1&lau3
205,Mauv,vC8<7WSU},yU2@=!6GlKkPkp
206,Blue,tF4@nRv6c(@r~Bo,rX9..|.Q~#K
207,Purple,zU0\l`~U`s@hs,yC2|e*VY%F7E(s
208,Teal,qE7{5E$6cD)1,qL0+ze6.frJ|Aj
209,Indigo,"vU4<h""ZIf}g+EN",uP1(_WW*T
210,Purple,zI0>y@C(zG>,"jL0\Mz""zC!=I5"
211,Orange,qS0'eKW{,"yE6<g}Of9&,p&s"
212,Orange,pN3/w/)`J=c!@&DX,jP9_8+{_
213,Puce,"fE0'QA3.a,E<=",gE2~s6h{
214,Orange,aK5{tki2Z$sFMxZ,zS9'S(#LqW)lWlYN
215,Pink,gU9{&CVR,sQ8$$Y#Q
216,Orange,mS0\Xr~$|bkv/hm,"gM4#g_68O""{Sjs~q"
217,Orange,aD2@4tWc@v,"qM8,m{MA3ubf8Cr)"
218,Puce,sT3.9V(8,jQ5/|HZ`3e1
219,Maroon,hD1(zvFxad#T\ho,cO8=_qJ/%$&#*$o
220,Red,yV6?HDON>bK15A,eI0.7Y>eatHS
221,Goldenrod,hW8$'E#S#IRC1,zA7{u#'Ttwg
222,Teal,eO5).wvvSF6/R1_G,"nK7>j""E'.>*|X"
223,Goldenrod,"qK9,iiY)",qV1#44.7\/w
224,Aquamarine,xW7`56HM,"mY0_s`MlNpr5K*w,"
225,Crimson,vA0|NOdA,"eO2&}C%4=)1?5,/"
226,Indigo,"bG8""Z)no7n7T",kW8&yT>Hk<d.0g.6
227,Mauv,nG3%<BJ2'J,jS9>Ng4|?}hi
228,Pink,mC6%eWMQLjNVP#}T,aQ5!4!H/
229,Yellow,"tK2=$c/O""#<",bF2_Qe`Cb
230,Violet,"aX5@&pq8jN>,TD","cX3?"".7yD5<`OS"
231,Maroon,lE0*`mZD?9%%sD,yZ8$G6u|C$9OKX
232,Pink,qM6?Y_)t%SR@,sZ2&sC|y
233,Red,kT5@Y>sP_,jQ5{@!?0|V
234,Purple,tO1'RS_8O>,qN5#MIqgWk6
235,Teal,zI3#NYr+Kz},"tE5,oA4YRL.#Vw"
236,Red,xX7_sm*fP,uH9~n~<G+X|@6
237,Khaki,cK4}je9l=kW0F,xL3>ire6
238,Crimson,eA5#tzC1o9,vI4*qAv}u`K#Mpu
239,Turquoise,zA7)Heo~,"hO5,Mx1.AXdoD~"
240,Green,xS6)c0b`R,kO8?/+YWdJOZ
241,Mauv,jV6?(iBm,xX0?Uc76WjL/9'IH
242,Mauv,"lH3'H""wk","lL3<\,M@0>("
243,Teal,kV6@~~uAqmnIZvS~,oP7>?z.EWkp
244,Goldenrod,xP9.<6a%}68@,bR4<k04*}@V{
245,Fuscia,tI5&Z?XF)!vJ(,bY2@X9aM`=C
246,Violet,tB1'r*_}Fm*w$$+A,lM8~tGMsLvth<Y
247,Turquoise,wO3~hyLgV)@gf2V,oT6{FFUbcR\>
248,Blue,"cR6,~WlG",vA1&@Tb%%e\
249,Orange,"aD5~$)_3,&BGZPFT","oN9)aUaf,U"
250,Yellow,"oP1~iYY""nw}=h(hj",qW8*RskBL3_)NY
251,Green,"uF7`,nG{x8l.7wXk",aY5?6@aeF.FNh
252,Goldenrod,"qF7&,I||)",zJ1?oy~NPBV2(+d
253,Yellow,mU1!?kb>0Be,mN7=9%xy@Ozv)\=Q
254,Green,fT7*Hlkf<$3,"uT1}i{k7z*O%"""
255,Goldenrod,sJ8+Krh8>,"gI3,g'&QzOfXivN"
256,Maroon,"bE4/}olU""x""!","lG3~i(LB6`++B""9"
257,Red,"xL5}e=""I940rNKBw",aM8?1j7u>YS&D31g
258,Turquoise,oV2}TzD{OyIKnqs,dM3<0lL8S5
259,Orange,hC6(!_58',vJ8%>C)8B5\M/R2w
260,Pink,bO9%E#13qS9c,hZ8'$A*kKCA`h/3
261,Khaki,qT9#P3.Vprd,qC2}x<INaAxTA?p
262,Mauv,nW2*Y{F9t,mH2$552f9t8f=t
263,Fuscia,eS2_JWR45T,jO4_Yo!/U)o
264,Maroon,"wN7@U3LJ7y4""",dJ9=FFaxU*F@1
265,Maroon,mF4&izy9k{k,nQ7$k\\@pB
266,Goldenrod,tA9_Dffh<$5S,"uP4(,B9EBS!4"
267,Puce,iR2\5BQZEn,dF9#64o(EiJ2?
268,Khaki,iO5|>hGBblG&,kZ2%tf'c
269,Maroon,kI2~u!!ixX,mE7{9DND`'(|
270,Aquamarine,mA3`*AqGA+9Y%F,zZ4.7.?mU=h
271,Maroon,nK7.aRpQ_4$,lY4?9\!x.9y
272,Mauv,rL4}X*D/',mL4}KwYYGm4
273,Khaki,gW4<dH'd}J4M,wC3@=QNLZ7=
274,Aquamarine,wT0'qM4D,"lE0\br@TL""LE$,"
275,Indigo,sI3`yA8J!,iB5!cBZyWZHx_C}
276,Aquamarine,lG1&Q(N}M6)aOL)m,"wL0'""HTae!a"
277,Blue,iN7/&TaYF,gF8_FKb4H?+!
278,Goldenrod,dL2*A@)WEn/HCT,mG5*DYH>OR3Jzk#
279,Turquoise,kJ3+Ry2rS2,tD5?'P9y152o
280,Blue,qW1*Z5`=3mcO+,vL5++Nfe{'j
281,Indigo,"sS9<S+W7,",hJ5+fwg$
282,Pink,uA4{dvVWpr,"wF7&""9k_h?M"
283,Blue,jJ6~q${n,xF5@K1@p1
284,Goldenrod,"iE8(@,TT`z",tS4\%tC74Vwdqr71
285,Orange,"cT4""By\R{2?=e&",dC3`(6g(y9OaW
286,Goldenrod,"kD9""FT=cBO_U+Q#Q",fQ0'i&}GTA&v\q
287,Purple,tR8~w5$00C3,vV8&7A_%
288,Crimson,"fI0!n/c""j",iX8!xQ8\'3o>
289,Mauv,eR9}TA=7T\fR{L,lO2+M<g4kQ~5ESzv
290,Mauv,"dE4""x2xr2?\R",aB1~i6t<X
291,Red,dJ1_H{`%#(p8?,cL1?BuJ<K>
292,Blue,yC7%*)m}~>a.>Hz,rK5=ju`%<'xE
293,Mauv,"cK2""_`RI|\zrX'",oH0(?0CZ
294,Fuscia,wQ8%`fwOBg0,wU1|eh6RF
295,Mauv,nT8$<hr=Ke#x?%,jO2_\g5I99q`Ihi
296,Red,xJ2}98*lgU{4ktu,zS8?1q`{hS@kK%}H
297,Green,jV2|bRz24RK,sQ1=|Zx1b
298,Green,vI3*i>pWK%,rX4*F&wuQ$Ftt
299,Khaki,zR4%a1Z&}c1H%<H,"nI5,Ib~e?6h"
300,Goldenrod,tC8@kIs5(,"qS4,rUjr"
